t,train_loss,train_acc,train_epoch,lr,data_time,it_time,test_loss,test_acc
100,0.8784516,0.72819656,2.0408163265306123,0.09987625,0.28110527992248535,34.32233762741089,,
200,0.59813666,0.79897696,4.081632653061225,0.09975125000000001,0.07801580429077148,31.011986255645752,,
300,0.55091643,0.8150478,6.122448979591836,0.09962625000000001,0.07767343521118164,31.02030324935913,,
400,0.5261423,0.8221719,8.16326530612245,0.09950125,0.0777590274810791,31.012534856796265,,
500,0.50718033,0.8288649,10.204081632653061,0.09937625,0.07652497291564941,31.020642280578613,,
600,0.49380916,0.831932,12.244897959183673,0.09925125000000001,0.07719993591308594,31.08646535873413,,
700,0.48123524,0.83636135,14.285714285714286,0.09912625000000001,0.07725763320922852,31.79446315765381,,
800,0.4750447,0.83892876,16.3265306122449,0.09900125,0.07506418228149414,30.904759883880615,,
900,0.46657467,0.84114337,18.367346938775512,0.09887625,0.07478189468383789,30.903878927230835,,
1000,0.45960832,0.84442616,20.408163265306122,0.09875125000000001,0.07559537887573242,35.33016228675842,0.4522364,0.8415
1100,0.4527482,0.84607244,22.448979591836736,0.09862625000000001,0.07453727722167969,30.902302742004395,,
1200,0.44800767,0.846827,24.489795918367346,0.09850125,0.07472395896911621,30.891263484954834,,
1300,0.44464046,0.8481303,26.53061224489796,0.09837625,0.07477331161499023,31.250556468963623,,
1400,0.44151282,0.8483949,28.571428571428573,0.09825125000000001,0.07756209373474121,31.46564030647278,,
1500,0.43905434,0.8504331,30.612244897959183,0.09812625000000001,0.0764012336730957,31.371727466583252,,
1600,0.43206212,0.85135424,32.6530612244898,0.09800125,0.07524490356445312,30.928364038467407,,
1700,0.43146238,0.85284376,34.69387755102041,0.09787625,0.07499194145202637,30.899053812026978,,
1800,0.4266938,0.85477424,36.734693877551024,0.09775125000000001,0.07452559471130371,30.90909433364868,,
1900,0.42688838,0.8540197,38.775510204081634,0.09762625000000001,0.07506084442138672,30.912458181381226,,
2000,0.4233181,0.854882,40.816326530612244,0.09750125,0.07530736923217773,34.01233911514282,0.42133817,0.8528
2100,0.42221776,0.85484284,42.857142857142854,0.09737625,0.07532668113708496,31.03335666656494,,
2200,0.4168674,0.8566067,44.89795918367347,0.09725125000000001,0.07511186599731445,30.92147994041443,,
2300,0.4176998,0.85639113,46.93877551020408,0.09712625000000001,0.0766606330871582,31.113452911376953,,
2400,0.41434678,0.85864496,48.97959183673469,0.09700125,0.0747978687286377,30.903223752975464,,
2500,0.4118782,0.8584498,51.02040816326531,0.09687625,0.07438302040100098,30.844025135040283,,
2600,0.412372,0.85870373,53.06122448979592,0.09675125000000001,0.07460927963256836,30.922115325927734,,
2700,0.4091304,0.85990906,55.10204081632653,0.09662625000000001,0.07481527328491211,30.90489912033081,,
2800,0.40785256,0.86015403,57.142857142857146,0.09650125000000001,0.07420539855957031,30.91586184501648,,
2900,0.40748987,0.8598503,59.183673469387756,0.09637625,0.07448911666870117,30.905554056167603,,
3000,0.40331447,0.86207473,61.224489795918366,0.09625125000000001,0.07469677925109863,34.0233428478241,0.4078165,0.8579
3100,0.40535378,0.86154556,63.265306122448976,0.09612625000000001,0.07536983489990234,30.907899141311646,,
3200,0.40151477,0.86172193,65.3061224489796,0.09600125000000001,0.07498311996459961,30.9304838180542,,
3300,0.40178254,0.86167294,67.34693877551021,0.09587625,0.07408261299133301,30.890794277191162,,
3400,0.39892343,0.8633976,69.38775510204081,0.09575125000000001,0.07384109497070312,30.747826099395752,,
3500,0.39920345,0.86281943,71.42857142857143,0.09562625000000001,0.07447123527526855,30.74873447418213,,
3600,0.3977774,0.86324084,73.46938775510205,0.09550125000000001,0.07342767715454102,30.746347427368164,,
3700,0.39633903,0.8632212,75.51020408163265,0.09537625,0.07432770729064941,30.7412326335907,,
3800,0.3948319,0.8649655,77.55102040816327,0.09525125000000001,0.07385659217834473,30.742352724075317,,
3900,0.39615119,0.863917,79.59183673469387,0.09512625000000001,0.07443618774414062,30.862340450286865,,
4000,0.394122,0.8647499,81.63265306122449,0.09500125000000001,0.07604813575744629,34.201887130737305,0.3998479,0.86
4100,0.39657426,0.86250585,83.6734693877551,0.09487625,0.07619142532348633,31.347139835357666,,
4200,0.39378035,0.8652497,85.71428571428571,0.09475125000000001,0.0742485523223877,30.89081382751465,,
4300,0.3903185,0.86669016,87.75510204081633,0.09462625000000001,0.07497882843017578,30.903292417526245,,
4400,0.39027485,0.8652301,89.79591836734694,0.09450125000000001,0.0751488208770752,30.89926528930664,,
4500,0.3905242,0.8653379,91.83673469387755,0.09437625,0.07491898536682129,30.899435997009277,,
4600,0.38981494,0.8654849,93.87755102040816,0.09425125000000001,0.07491183280944824,30.90144991874695,,
4700,0.38948962,0.8660336,95.91836734693878,0.09412625000000001,0.07536625862121582,30.901825189590454,,
4800,0.38777912,0.86716056,97.95918367346938,0.09400125000000001,0.07595205307006836,30.904247283935547,,
4900,0.38811943,0.8664304,100.0,0.09387625,0.07496476173400879,30.858222484588623,,
5000,0.38735664,0.8672683,102.04081632653062,0.09375125000000001,0.07444548606872559,34.01944398880005,0.3953438,0.8613
5100,0.386385,0.86664116,104.08163265306122,0.09362625000000001,0.07519841194152832,30.97787356376648,,
5200,0.38567856,0.8677975,106.12244897959184,0.09350125000000001,0.07477164268493652,30.90547752380371,,
5300,0.3851818,0.8677191,108.16326530612245,0.09337625000000001,0.07501339912414551,30.907645225524902,,
5400,0.38466835,0.86729777,110.20408163265306,0.09325125000000001,0.07590675354003906,31.1787850856781,,
5500,0.38340545,0.8676897,112.24489795918367,0.09312625000000001,0.07638192176818848,30.918113946914673,,
5600,0.38347927,0.8681307,114.28571428571429,0.09300125000000001,0.07486820220947266,30.9122257232666,,
5700,0.38375893,0.86694497,116.3265306122449,0.09287625000000001,0.07458353042602539,30.919315814971924,,
5800,0.3819361,0.86861086,118.36734693877551,0.09275125000000001,0.07461714744567871,30.91033387184143,,
5900,0.38233265,0.8690616,120.40816326530613,0.09262625000000001,0.0748739242553711,30.904476404190063,,
6000,0.38146436,0.86867946,122.44897959183673,0.09250125000000001,0.07425093650817871,34.02549767494202,0.39250252,0.8629
6100,0.3811636,0.8689832,124.48979591836735,0.09237625000000001,0.0750579833984375,30.912132024765015,,
6200,0.37945104,0.87049234,126.53061224489795,0.09225125,0.07471323013305664,30.915194749832153,,
6300,0.37987438,0.86968875,128.57142857142858,0.09212625,0.07619976997375488,30.905906915664673,,
6400,0.37971997,0.8690126,130.6122448979592,0.09200125,0.0749979019165039,30.911873817443848,,
6500,0.3775708,0.8709039,132.6530612244898,0.09187625,0.07496213912963867,30.910632848739624,,
6600,0.38024142,0.869385,134.69387755102042,0.09175125,0.07530522346496582,30.918400049209595,,
6700,0.37929818,0.8706785,136.73469387755102,0.09162625,0.07518768310546875,30.91166591644287,,
6800,0.3780125,0.87027675,138.77551020408163,0.09150125,0.07532334327697754,30.914000272750854,,
6900,0.37540534,0.87123704,140.81632653061226,0.09137625,0.0753328800201416,30.907007694244385,,
7000,0.3788389,0.8703355,142.85714285714286,0.09125125,0.07463669776916504,34.0079870223999,0.3887896,0.8647
7100,0.37697735,0.8709627,144.89795918367346,0.09112625,0.07544398307800293,30.910348892211914,,
7200,0.37740785,0.86970836,146.9387755102041,0.09100125,0.07582497596740723,30.912986040115356,,
7300,0.3749846,0.87152123,148.9795918367347,0.09087625,0.07500123977661133,30.911901712417603,,
7400,0.3757688,0.8716036,151.0204081632653,0.09075125,0.07445073127746582,30.85708498954773,,
7500,0.3761491,0.8702865,153.0612244897959,0.09062625,0.07654833793640137,30.91386389732361,,
7600,0.37621853,0.8711489,155.10204081632654,0.09050125,0.0747075080871582,30.968976974487305,,
7700,0.37583056,0.8710215,157.14285714285714,0.09037625,0.0741889476776123,30.840121269226074,,
7800,0.37513566,0.8720896,159.18367346938774,0.09025125,0.07462167739868164,30.75496530532837,,
7900,0.37653923,0.8707961,161.22448979591837,0.09012625,0.07439208030700684,30.753570556640625,,
8000,0.3724845,0.8722954,163.26530612244898,0.09000125,0.07443547248840332,33.85087537765503,0.3875693,0.8665
8100,0.37470344,0.87184465,165.30612244897958,0.08987625,0.07469487190246582,30.758378505706787,,
8200,0.375271,0.8710509,167.3469387755102,0.08975125,0.07446146011352539,30.754831075668335,,
8300,0.37357655,0.8710999,169.3877551020408,0.08962625,0.0742499828338623,30.751688241958618,,
8400,0.37562674,0.87094307,171.42857142857142,0.08950125,0.0742945671081543,30.754897117614746,,
8500,0.37213653,0.872168,173.46938775510205,0.08937625,0.07460165023803711,30.756396770477295,,
8600,0.37331286,0.8719034,175.51020408163265,0.08925125,0.0746614933013916,30.75500178337097,,
8700,0.37379777,0.87162906,177.55102040816325,0.08912625,0.07466387748718262,30.75758934020996,,
8800,0.37182608,0.8718348,179.59183673469389,0.08900125,0.0744924545288086,30.752421617507935,,
8900,0.37369138,0.8720602,181.6326530612245,0.08887625,0.07440924644470215,30.75366449356079,,
9000,0.3711652,0.87299114,183.6734693877551,0.08875125,0.07447028160095215,33.85474467277527,0.38505858,0.8666
9100,0.37330693,0.87165844,185.71428571428572,0.08862625,0.0749516487121582,30.75811219215393,,
9200,0.37077236,0.8719524,187.75510204081633,0.08850125,0.07441163063049316,30.75766372680664,,
9300,0.37300205,0.87182504,189.79591836734693,0.08837625,0.07468366622924805,30.75419592857361,,
9400,0.37193912,0.87258935,191.83673469387756,0.08825125,0.07455849647521973,30.756703853607178,,
9500,0.37089956,0.8713841,193.87755102040816,0.08812625000000002,0.07474064826965332,30.76040291786194,,
9600,0.3725873,0.8721974,195.91836734693877,0.08800125,0.07487320899963379,30.754560947418213,,
9700,0.37119976,0.8730989,197.9591836734694,0.08787625,0.07547593116760254,30.758231163024902,,
9800,0.37092435,0.872595,200.0,0.08775125,0.07457280158996582,30.704766511917114,,
9900,0.37057737,0.8726482,202.0408163265306,0.08762625,0.07418346405029297,30.756183385849,,
10000,0.36884826,0.8735399,204.08163265306123,0.08750125,0.07419300079345703,33.85266613960266,0.3846818,0.8666
10100,0.37059882,0.8726482,206.12244897959184,0.08737625,0.07533097267150879,30.756720304489136,,
10200,0.3695156,0.8739319,208.16326530612244,0.08725125,0.07456374168395996,30.75889539718628,,
10300,0.36993682,0.87303036,210.20408163265307,0.08712625000000002,0.0741586685180664,30.7584171295166,,
10400,0.36735553,0.8740495,212.24489795918367,0.08700125,0.07427406311035156,30.757288932800293,,
10500,0.36857712,0.87317735,214.28571428571428,0.08687625,0.07405495643615723,30.755409479141235,,
10600,0.36887363,0.8736967,216.3265306122449,0.08675125,0.07561063766479492,30.75355625152588,,
10700,0.3694235,0.8728148,218.3673469387755,0.08662625,0.07556366920471191,30.759056329727173,,
10800,0.36772618,0.8736183,220.40816326530611,0.08650125,0.07540369033813477,30.75165057182312,,
10900,0.36967894,0.8725796,222.44897959183675,0.08637625,0.0750894546508789,30.755259037017822,,
11000,0.3698007,0.87327534,224.48979591836735,0.08625125,0.07478809356689453,33.85065031051636,0.38329333,0.8674
11100,0.369925,0.8731675,226.53061224489795,0.08612625000000002,0.07466602325439453,30.752957582473755,,
11200,0.3665411,0.87539196,228.57142857142858,0.08600125000000002,0.07395744323730469,30.761691331863403,,
11300,0.3667319,0.87470603,230.6122448979592,0.08587625,0.07406759262084961,30.760566473007202,,
11400,0.36904842,0.87301075,232.6530612244898,0.08575125,0.07405543327331543,30.754191875457764,,
11500,0.36695972,0.8735987,234.69387755102042,0.08562625000000001,0.07456779479980469,30.749380826950073,,
11600,0.36905426,0.87434345,236.73469387755102,0.08550125,0.07518887519836426,30.753631830215454,,
11700,0.3690651,0.87377506,238.77551020408163,0.08537625,0.07405805587768555,30.753114938735962,,
11800,0.36687413,0.87431407,240.81632653061226,0.08525125,0.07399439811706543,30.756333589553833,,
11900,0.36752364,0.8736281,242.85714285714286,0.08512625000000001,0.07458996772766113,30.752511024475098,,
12000,0.3669093,0.87360847,244.89795918367346,0.08500125000000001,0.07440614700317383,33.85135889053345,0.38508624,0.8666
12100,0.36822662,0.8729519,246.9387755102041,0.08487625,0.0759284496307373,30.754600763320923,,
12200,0.36705917,0.87402004,248.9795918367347,0.08475125,0.0750885009765625,30.75233244895935,,
12300,0.36681446,0.8731349,251.0204081632653,0.08462625000000001,0.07480573654174805,30.695775508880615,,
12400,0.36625427,0.87432384,253.0612244897959,0.08450125,0.07450294494628906,30.756154537200928,,
12500,0.36722937,0.87412786,255.10204081632654,0.08437625,0.07499408721923828,30.75429129600525,,
12600,0.36729777,0.87365746,257.14285714285717,0.08425125,0.07372188568115234,30.754775047302246,,
12700,0.3665055,0.87529397,259.18367346938777,0.08412625000000001,0.07432174682617188,30.755653381347656,,
12800,0.3656502,0.8741475,261.2244897959184,0.08400125000000001,0.07401704788208008,30.758168935775757,,
12900,0.36714855,0.8736673,263.265306122449,0.08387625,0.07418465614318848,30.752285957336426,,
13000,0.36610714,0.87399065,265.3061224489796,0.08375125,0.07443046569824219,33.854475021362305,0.38138872,0.8687
13100,0.366933,0.8734909,267.3469387755102,0.08362625000000001,0.07447290420532227,30.759594917297363,,
13200,0.3668868,0.8749118,269.38775510204084,0.08350125,0.07369494438171387,30.759409189224243,,
13300,0.3644367,0.87550956,271.42857142857144,0.08337625,0.07446599006652832,30.755178689956665,,
13400,0.36812842,0.8739515,273.46938775510205,0.08325125,0.07492256164550781,30.756995677947998,,
13500,0.36617148,0.87334394,275.51020408163265,0.08312625000000001,0.07434821128845215,30.755281925201416,,
13600,0.36505485,0.87467664,277.55102040816325,0.08300125000000001,0.07472586631774902,30.755902767181396,,
13700,0.3644465,0.87482363,279.59183673469386,0.08287625000000001,0.07490825653076172,30.76244068145752,,
13800,0.3678036,0.87397105,281.6326530612245,0.08275125,0.07425665855407715,30.75985836982727,,
13900,0.36421886,0.8750196,283.6734693877551,0.08262625000000001,0.07470536231994629,30.7599937915802,,
14000,0.36676297,0.8749216,285.7142857142857,0.08250125000000001,0.07503056526184082,33.86031222343445,0.38140482,0.868
14100,0.363719,0.874902,287.7551020408163,0.08237625,0.0750894546508789,30.762816667556763,,
14200,0.36417475,0.8747452,289.7959183673469,0.08225125,0.07514309883117676,30.758781671524048,,
14300,0.3644717,0.87569577,291.83673469387753,0.08212625000000001,0.07407045364379883,30.75691294670105,,
14400,0.364663,0.87527436,293.8775510204082,0.08200125000000001,0.07438874244689941,30.76058340072632,,
14500,0.36527842,0.87449044,295.9183673469388,0.08187625000000001,0.07501602172851562,30.762136220932007,,
14600,0.36476472,0.87547034,297.9591836734694,0.08175125,0.07590675354003906,30.755110263824463,,
14700,0.36281776,0.87612885,300.0,0.08162625000000001,0.07467269897460938,30.707463026046753,,
14800,0.36453888,0.8748628,302.0408163265306,0.08150125000000001,0.07519817352294922,30.761002779006958,,
14900,0.36559668,0.8744512,304.0816326530612,0.08137625,0.07505965232849121,30.761677980422974,,
15000,0.36455756,0.87439245,306.1224489795918,0.08125125,0.0745534896850586,33.85933804512024,0.38006163,0.869
15100,0.36579633,0.87397105,308.16326530612247,0.08112625000000001,0.0751047134399414,30.757845640182495,,
15200,0.36363137,0.8755978,310.2040816326531,0.08100125000000001,0.07474827766418457,30.766588926315308,,
15300,0.36521062,0.8746668,312.2448979591837,0.08087625000000001,0.07456707954406738,30.7553551197052,,
15400,0.36333862,0.87441206,314.2857142857143,0.08075125,0.07473611831665039,30.759268283843994,,
15500,0.36491314,0.8754312,316.3265306122449,0.08062625000000001,0.0746452808380127,30.759758949279785,,
15600,0.36567134,0.8744512,318.3673469387755,0.08050125000000001,0.07466912269592285,30.76344585418701,,
15700,0.3652381,0.8744022,320.40816326530614,0.08037625,0.07489275932312012,30.760457277297974,,
15800,0.36487114,0.87444144,322.44897959183675,0.08025125,0.07434535026550293,30.761486053466797,,
15900,0.3647806,0.87436306,324.48979591836735,0.08012625000000001,0.07487058639526367,30.755576372146606,,
16000,0.36193955,0.8762347,326.53061224489795,0.08000125000000001,0.07452082633972168,33.8550820350647,0.3807297,0.8686
16100,0.365787,0.87397105,328.57142857142856,0.07987625000000001,0.0744473934173584,30.75581407546997,,
16200,0.36025771,0.87687165,330.61224489795916,0.07975125000000001,0.07498049736022949,30.757113933563232,,
16300,0.36417636,0.87449044,332.6530612244898,0.07962625000000001,0.07470560073852539,30.7608904838562,,
16400,0.3626338,0.8760681,334.6938775510204,0.07950125000000001,0.07455945014953613,30.761232376098633,,
16500,0.36543828,0.87505877,336.734693877551,0.07937625000000001,0.07424449920654297,30.760105848312378,,
16600,0.36479896,0.8751666,338.7755102040816,0.07925125,0.0745697021484375,30.762763500213623,,
16700,0.36150032,0.87667567,340.81632653061223,0.07912625000000001,0.07466840744018555,30.756953477859497,,
16800,0.363863,0.87431407,342.85714285714283,0.07900125000000001,0.07461929321289062,30.75903630256653,,
16900,0.36392224,0.8748334,344.8979591836735,0.07887625000000001,0.07482552528381348,30.762730836868286,,
17000,0.36392564,0.87581336,346.9387755102041,0.07875125000000001,0.07569622993469238,33.86247539520264,0.37950572,0.8689
17100,0.36420783,0.87477463,348.9795918367347,0.07862625000000001,0.07506299018859863,30.760876178741455,,
17200,0.36369297,0.8757264,351.0204081632653,0.07850125000000001,0.07538032531738281,30.70945167541504,,
17300,0.36338058,0.8750294,353.0612244897959,0.07837625000000001,0.0747072696685791,30.75985598564148,,
17400,0.36147502,0.8759701,355.1020408163265,0.07825125,0.07423877716064453,30.758230924606323,,
17500,0.36433154,0.8756174,357.14285714285717,0.07812625000000001,0.07455158233642578,30.76055121421814,,
17600,0.3622433,0.87568593,359.18367346938777,0.07800125000000001,0.07488203048706055,30.75947594642639,,
17700,0.36290947,0.87494123,361.2244897959184,0.07787625000000001,0.07648897171020508,30.762296199798584,,
17800,0.36413094,0.8751274,363.265306122449,0.07775125000000001,0.07492566108703613,30.764050245285034,,
17900,0.35990965,0.87597996,365.3061224489796,0.07762625000000001,0.07489752769470215,30.75438117980957,,
18000,0.36267006,0.8753136,367.3469387755102,0.07750125000000001,0.07427644729614258,33.85869336128235,0.37993303,0.8696
18100,0.35976014,0.87579376,369.38775510204084,0.07737625000000001,0.07478809356689453,30.763983726501465,,
18200,0.36282197,0.8754998,371.42857142857144,0.07725125,0.07442140579223633,30.760452032089233,,
18300,0.36261413,0.87556833,373.46938775510205,0.07712625000000001,0.07479619979858398,30.757293224334717,,
18400,0.36361873,0.87457865,375.51020408163265,0.07700125000000001,0.07445836067199707,30.759542226791382,,
18500,0.36068797,0.8764503,377.55102040816325,0.07687625000000001,0.07422900199890137,30.765640020370483,,
18600,0.36316842,0.87544096,379.59183673469386,0.07675125000000001,0.0741429328918457,30.762006044387817,,
18700,0.3623442,0.8751372,381.6326530612245,0.07662625,0.07471776008605957,30.764832019805908,,
18800,0.36222443,0.87537235,383.6734693877551,0.07650125,0.07462215423583984,30.764314651489258,,
18900,0.36388496,0.87558794,385.7142857142857,0.07637625,0.07645130157470703,30.762474060058594,,
19000,0.36239526,0.87544096,387.7551020408163,0.07625125,0.07410001754760742,33.866419553756714,0.38008258,0.87
19100,0.36123702,0.8768815,389.7959183673469,0.07612625,0.07464838027954102,30.757176876068115,,
19200,0.3621423,0.87542135,391.83673469387753,0.07600125,0.07470965385437012,30.76128339767456,,
19300,0.36322156,0.8756664,393.8775510204082,0.07587625,0.07459497451782227,30.761068105697632,,
19400,0.36127576,0.87670505,395.9183673469388,0.07575125,0.07455849647521973,30.76282000541687,,
19500,0.36124384,0.87584275,397.9591836734694,0.07562625,0.07567906379699707,30.76256537437439,,
19600,0.3625336,0.876335,400.0,0.07550125,0.07425522804260254,30.710617065429688,,
19700,0.36210236,0.87565655,402.0408163265306,0.07537625,0.07431650161743164,30.76206398010254,,
19800,0.36174715,0.87605834,404.0816326530612,0.07525125,0.07466006278991699,30.75793695449829,,
19900,0.3619111,0.87572515,406.1224489795918,0.07512625,0.07455110549926758,30.76148748397827,,
20000,0.3618907,0.8763621,408.16326530612247,0.07500125,0.07466268539428711,33.8624951839447,0.37973067,0.8703
20100,0.3630188,0.87586236,410.2040816326531,0.07487625,0.07489848136901855,30.761825561523438,,
20200,0.36201873,0.87591136,412.2448979591837,0.07475125,0.07444882392883301,30.757224559783936,,
20300,0.36227807,0.87575454,414.2857142857143,0.07462625,0.07445001602172852,30.759645700454712,,
20400,0.36165273,0.87550956,416.3265306122449,0.07450125,0.07458233833312988,30.76160502433777,,
20500,0.3622327,0.8764405,418.3673469387755,0.07437625,0.07409787178039551,30.758432626724243,,
20600,0.3612357,0.8761661,420.40816326530614,0.07425125,0.07463598251342773,30.75421929359436,,
20700,0.360855,0.87665606,422.44897959183675,0.07412624999999999,0.0743105411529541,30.76365375518799,,
20800,0.36222908,0.8759995,424.48979591836735,0.07400125,0.07448029518127441,30.7617449760437,,
20900,0.36100963,0.8760485,426.53061224489795,0.07387625,0.0744771957397461,30.75901985168457,,
21000,0.36228985,0.87612695,428.57142857142856,0.07375125,0.07445621490478516,33.85764789581299,0.37924737,0.8691
21100,0.360947,0.8764013,430.61224489795916,0.07362625,0.07546353340148926,30.757543802261353,,
21200,0.36388987,0.8749706,432.6530612244898,0.07350125,0.07475471496582031,30.760767936706543,,
21300,0.36041155,0.87558794,434.6938775510204,0.07337625,0.07514810562133789,30.763824462890625,,
21400,0.36104316,0.8759505,436.734693877551,0.07325125,0.07509469985961914,30.75709104537964,,
21500,0.36031523,0.87546057,438.7755102040816,0.07312624999999999,0.07482099533081055,30.759685277938843,,
21600,0.3609025,0.87696964,440.81632653061223,0.07300125,0.07513093948364258,30.754355430603027,,
21700,0.36094758,0.87712646,442.85714285714283,0.07287625,0.07496905326843262,30.760411500930786,,
21800,0.36008042,0.877685,444.8979591836735,0.07275125,0.07493925094604492,30.75990104675293,,
21900,0.36352086,0.8746668,446.9387755102041,0.07262625,0.07708263397216797,30.762666940689087,,
22000,0.36045673,0.87691087,448.9795918367347,0.07250125,0.07705044746398926,33.865216970443726,0.38016003,0.869
22100,0.36089012,0.87660986,451.0204081632653,0.07237625,0.0744636058807373,30.7099609375,,
22200,0.36165103,0.8752548,453.0612244897959,0.07225125,0.07444214820861816,30.759167909622192,,
22300,0.3601107,0.8762837,455.1020408163265,0.07212624999999999,0.0742495059967041,30.759417295455933,,
22400,0.36275738,0.87602895,457.14285714285717,0.07200125,0.07480049133300781,30.760667085647583,,
22500,0.36046794,0.87579376,459.18367346938777,0.07187625,0.0743255615234375,30.75466775894165,,
22600,0.362198,0.87568593,461.2244897959184,0.07175125,0.07483363151550293,30.76044774055481,,
22700,0.36205074,0.87576437,463.265306122449,0.07162625,0.07465243339538574,30.75685167312622,,
22800,0.35928172,0.8768521,465.3061224489796,0.07150125,0.07470321655273438,30.757908582687378,,
22900,0.36131755,0.8759015,467.3469387755102,0.07137625000000002,0.07506752014160156,30.757879734039307,,
23000,0.36009684,0.8763621,469.38775510204084,0.07125125,0.07472848892211914,33.86138558387756,0.3786994,0.8697
23100,0.35892224,0.87755764,471.42857142857144,0.07112625,0.07457613945007324,30.763206720352173,,
23200,0.36060593,0.8750294,473.46938775510205,0.07100125,0.0743257999420166,30.759472846984863,,
23300,0.36166278,0.8762543,475.51020408163265,0.07087625,0.07456302642822266,30.76181411743164,,
23400,0.35970077,0.8759701,477.55102040816325,0.07075125,0.07544469833374023,30.758503675460815,,
23500,0.36118993,0.87596035,479.59183673469386,0.07062625,0.07501673698425293,30.761598587036133,,
23600,0.36029258,0.8766267,481.6326530612245,0.07050125,0.07484173774719238,30.763391971588135,,
23700,0.36010513,0.87550956,483.6734693877551,0.07037625000000002,0.07492685317993164,30.76402235031128,,
23800,0.3623539,0.87565655,485.7142857142857,0.07025125,0.0750284194946289,30.760141849517822,,
23900,0.36148587,0.8758819,487.7551020408163,0.07012625,0.07523488998413086,30.765337705612183,,
24000,0.36099735,0.8760975,489.7959183673469,0.07000125,0.07468914985656738,33.84957432746887,0.3792192,0.8683
24100,0.35964546,0.87655807,491.83673469387753,0.06987625,0.074951171875,30.760066747665405,,
24200,0.3606411,0.8767443,493.8775510204082,0.06975125,0.07557559013366699,30.762211322784424,,
24300,0.36088312,0.8766365,495.9183673469388,0.06962625,0.07493448257446289,30.764946699142456,,
24400,0.3589723,0.87677366,497.9591836734694,0.06950125,0.0761406421661377,30.761112689971924,,
24500,0.36231595,0.8758246,500.0,0.06937625000000001,0.07461667060852051,30.711347103118896,,
24600,0.36096042,0.8762347,502.0408163265306,0.06925125,0.07431173324584961,30.759281873703003,,
24700,0.36253557,0.87542135,504.0816326530612,0.06912625,0.07445907592773438,30.762945890426636,,
24800,0.3601719,0.8765385,506.1224489795918,0.06900125,0.07463407516479492,30.764419555664062,,
24900,0.36165178,0.8769501,508.16326530612247,0.06887625,0.07462096214294434,30.764039278030396,,
25000,0.3614627,0.8762543,510.2040816326531,0.06875125,0.07448101043701172,33.862213134765625,0.37968725,0.8682
25100,0.36022648,0.8766659,512.2448979591836,0.06862625,0.07517480850219727,30.75939655303955,,
25200,0.36086664,0.8766365,514.2857142857143,0.06850125,0.07475757598876953,30.761937379837036,,
25300,0.35898075,0.8764013,516.3265306122449,0.06837625000000001,0.07477903366088867,30.762067317962646,,
25400,0.36170146,0.87547034,518.3673469387755,0.06825125000000001,0.07475733757019043,30.757572412490845,,
25500,0.35989562,0.8766463,520.4081632653061,0.06812625,0.07493162155151367,30.763715982437134,,
25600,0.35884145,0.8766169,522.4489795918367,0.06800125,0.0748603343963623,30.762946128845215,,
25700,0.36070278,0.87667567,524.4897959183673,0.06787625,0.0744936466217041,30.761317253112793,,
25800,0.35839862,0.87837094,526.530612244898,0.06775125,0.07562112808227539,30.760090351104736,,
25900,0.36140975,0.87602895,528.5714285714286,0.06762625,0.07491469383239746,30.760794401168823,,
26000,0.35945666,0.8772832,530.6122448979592,0.06750125,0.07425475120544434,33.86102628707886,0.37896317,0.8686
26100,0.36059007,0.8761465,532.6530612244898,0.06737625000000001,0.07479429244995117,30.76846957206726,,
26200,0.3584554,0.87841016,534.6938775510204,0.06725125000000001,0.0751945972442627,30.764801740646362,,
26300,0.36147803,0.8763817,536.734693877551,0.06712625,0.07511234283447266,30.769089937210083,,
26400,0.36088657,0.8753822,538.7755102040817,0.06700125,0.07457566261291504,30.76634669303894,,
26500,0.3607563,0.8780672,540.8163265306123,0.06687625,0.07504081726074219,30.796577215194702,,
26600,0.35897586,0.87701863,542.8571428571429,0.06675125,0.07443928718566895,30.760234117507935,,
26700,0.36027184,0.87757725,544.8979591836735,0.06662625,0.07459783554077148,30.76121497154236,,
26800,0.3601421,0.87660706,546.9387755102041,0.06650125,0.07629919052124023,30.758765935897827,,
26900,0.35991454,0.8764013,548.9795918367347,0.06637625000000001,0.07451868057250977,30.76180601119995,,
27000,0.35989243,0.8758933,551.0204081632653,0.06625125000000001,0.07441592216491699,33.80713963508606,0.37963033,0.8688
27100,0.36088926,0.87581336,553.0612244897959,0.06612625,0.0747370719909668,30.76141929626465,,
27200,0.3597915,0.8766659,555.1020408163265,0.06600125,0.07407498359680176,30.760255813598633,,
27300,0.3609742,0.8768815,557.1428571428571,0.06587625,0.07531142234802246,30.760373830795288,,
27400,0.36326423,0.8759701,559.1836734693877,0.06575125,0.07533812522888184,30.762858867645264,,
27500,0.35871613,0.87739104,561.2244897959183,0.06562625,0.07512664794921875,30.75871753692627,,
27600,0.36094117,0.8761955,563.265306122449,0.06550125,0.07459664344787598,30.762930631637573,,
27700,0.3603821,0.8767639,565.3061224489796,0.06537625000000001,0.07422566413879395,30.766294240951538,,
27800,0.36008412,0.87755764,567.3469387755102,0.06525125000000001,0.07446408271789551,30.764126539230347,,
27900,0.36066556,0.8766463,569.3877551020408,0.06512625000000001,0.07487201690673828,30.760405778884888,,
28000,0.35998067,0.8766267,571.4285714285714,0.06500125,0.07473468780517578,33.8606059551239,0.37974483,0.8688
28100,0.3599449,0.8771167,573.469387755102,0.06487625000000001,0.07484889030456543,30.757710695266724,,
28200,0.36202118,0.8759309,575.5102040816327,0.06475125,0.07466602325439453,30.756338834762573,,
28300,0.36013368,0.87745965,577.5510204081633,0.06462625,0.07432007789611816,30.76123833656311,,
28400,0.35822687,0.87748903,579.5918367346939,0.06450125,0.07550501823425293,30.760022401809692,,
28500,0.36234492,0.87515676,581.6326530612245,0.06437625000000001,0.07448458671569824,30.756541967391968,,
28600,0.3595326,0.8771167,583.6734693877551,0.06425125000000001,0.07451987266540527,30.755047082901,,
28700,0.36191764,0.8762641,585.7142857142857,0.06412625000000001,0.07443046569824219,30.75826644897461,,
28800,0.3600509,0.8774498,587.7551020408164,0.06400125,0.07418322563171387,30.759819269180298,,
28900,0.35991642,0.8766953,589.795918367347,0.06387625000000001,0.07415986061096191,30.75680136680603,,
29000,0.36184138,0.87577415,591.8367346938776,0.06375125,0.07613110542297363,33.852972984313965,0.37884828,0.8697
29100,0.3593512,0.8763229,593.8775510204082,0.06362625,0.07565736770629883,30.759011030197144,,
29200,0.3605385,0.8763719,595.9183673469388,0.06350125,0.0756540298461914,30.75873827934265,,
29300,0.3608432,0.8765973,597.9591836734694,0.06337625000000001,0.07615971565246582,30.753151893615723,,
29400,0.3595634,0.8772479,600.0,0.06325125000000001,0.07541608810424805,30.705049991607666,,
29500,0.35924855,0.87713623,602.0408163265306,0.06312625000000001,0.07492589950561523,30.75638771057129,,
29600,0.36132777,0.8764895,604.0816326530612,0.06300125,0.07540059089660645,30.75444483757019,,
29700,0.35847172,0.8769501,606.1224489795918,0.06287625000000001,0.07625293731689453,30.754223346710205,,
29800,0.36017755,0.8763621,608.1632653061224,0.06275125,0.07694482803344727,30.757537841796875,,
29900,0.36249793,0.8751862,610.204081632653,0.06262625,0.07585573196411133,30.76014471054077,,
30000,0.3576923,0.87714607,612.2448979591836,0.06250125,0.07575058937072754,33.85435676574707,0.37764728,0.8704
30100,0.35971993,0.8761857,614.2857142857143,0.06237625,0.07425975799560547,30.75170087814331,,
30200,0.3612107,0.87707746,616.3265306122449,0.06225125000000001,0.07491159439086914,30.754011631011963,,
30300,0.36160842,0.8761171,618.3673469387755,0.06212625000000001,0.07506275177001953,30.75544786453247,,
30400,0.3602975,0.8771852,620.4081632653061,0.06200125000000001,0.07410502433776855,30.756558895111084,,
30500,0.36009485,0.8763327,622.4489795918367,0.06187625,0.07549810409545898,30.75363302230835,,
30600,0.35773513,0.87760663,624.4897959183673,0.06175125000000001,0.07519888877868652,30.753540992736816,,
30700,0.35918477,0.8766267,626.530612244898,0.061626249999999994,0.07471919059753418,30.75311017036438,,
30800,0.3593964,0.8764209,628.5714285714286,0.06150125,0.07440757751464844,30.757078647613525,,
30900,0.3599852,0.87713623,630.6122448979592,0.06137625,0.07436704635620117,30.755163431167603,,
31000,0.35889444,0.8767541,632.6530612244898,0.06125125000000001,0.0749502182006836,33.85498666763306,0.37953418,0.8704
31100,0.35839722,0.8779104,634.6938775510204,0.06112625000000001,0.07474637031555176,30.757681131362915,,
31200,0.3585817,0.87720484,636.734693877551,0.06100125000000001,0.07501959800720215,30.762458562850952,,
31300,0.3613886,0.87567616,638.7755102040817,0.06087625,0.07453727722167969,30.75751042366028,,
31400,0.35922354,0.87729305,640.8163265306123,0.06075125000000001,0.07459259033203125,30.753424644470215,,
31500,0.3599881,0.87725383,642.8571428571429,0.06062624999999999,0.07454633712768555,30.757164239883423,,
31600,0.35917896,0.87714607,644.8979591836735,0.06050125,0.0748586654663086,30.755828619003296,,
31700,0.35982612,0.87720484,646.9387755102041,0.06037625,0.07735276222229004,30.75745987892151,,
31800,0.3590211,0.87679327,648.9795918367347,0.060251250000000006,0.07557177543640137,30.763018369674683,,
31900,0.36016887,0.8760798,651.0204081632653,0.060126250000000006,0.07548952102661133,30.707547903060913,,
32000,0.3594505,0.8776654,653.0612244897959,0.060001250000000006,0.07543253898620605,33.85837173461914,0.3800006,0.8694
32100,0.36035553,0.87587214,655.1020408163265,0.05987625,0.0753321647644043,30.756702423095703,,
32200,0.36019057,0.8755488,657.1428571428571,0.059751250000000006,0.07624053955078125,30.75471305847168,,
32300,0.35930917,0.87747926,659.1836734693877,0.05962624999999999,0.07499909400939941,30.758725881576538,,
32400,0.35888225,0.87713623,661.2244897959183,0.05950125,0.0755922794342041,30.755086183547974,,
32500,0.3594073,0.87679327,663.265306122449,0.05937625,0.07512140274047852,30.755701065063477,,
32600,0.36088878,0.8765091,665.3061224489796,0.059251250000000005,0.07587027549743652,30.75972032546997,,
32700,0.36103615,0.87575454,667.3469387755102,0.059126250000000005,0.0766608715057373,30.756435871124268,,
32800,0.35818982,0.8775184,669.3877551020408,0.059001250000000005,0.07512402534484863,30.758832454681396,,
32900,0.36060548,0.8762347,671.4285714285714,0.05887625000000001,0.07526278495788574,30.760857582092285,,
33000,0.3589952,0.8766855,673.469387755102,0.058751250000000005,0.07514572143554688,33.85962438583374,0.37895733,0.8707
33100,0.36267304,0.8759505,675.5102040816327,0.058626250000000005,0.07594156265258789,30.75939106941223,,
33200,0.35968044,0.8764993,677.5510204081633,0.05850125,0.0755913257598877,30.764485359191895,,
33300,0.35917836,0.877538,679.5918367346939,0.05837625,0.07661962509155273,30.761024713516235,,
33400,0.36183032,0.87547034,681.6326530612245,0.058251250000000004,0.07456278800964355,30.758301734924316,,
33500,0.3589945,0.87687165,683.6734693877551,0.058126250000000004,0.07476115226745605,30.759255409240723,,
33600,0.3604186,0.8763817,685.7142857142857,0.058001250000000004,0.07484865188598633,30.754188776016235,,
33700,0.35605466,0.8780672,687.7551020408164,0.05787625000000001,0.07508087158203125,30.75616145133972,,
33800,0.35915262,0.87772423,689.795918367347,0.057751250000000004,0.07511401176452637,30.757627487182617,,
33900,0.3612209,0.8764797,691.8367346938776,0.057626250000000004,0.07467937469482422,30.7570698261261,,
34000,0.35686958,0.87736166,693.8775510204082,0.05750125,0.07467389106750488,33.859455585479736,0.37790945,0.8694
34100,0.35967264,0.87714607,695.9183673469388,0.05737625,0.07505273818969727,30.758530855178833,,
34200,0.3592187,0.8765973,697.9591836734694,0.057251250000000004,0.07635307312011719,30.750853538513184,,
34300,0.36042443,0.87625647,700.0,0.05712625,0.07413387298583984,30.69373106956482,,
34400,0.35904828,0.87700886,702.0408163265306,0.05700125,0.07432723045349121,30.75168752670288,,
34500,0.35871598,0.87717545,704.0816326530612,0.05687625000000001,0.07489776611328125,30.7511990070343,,
34600,0.36015528,0.8767345,706.1224489795918,0.05675125,0.07567071914672852,30.75439977645874,,
34700,0.35968766,0.87627393,708.1632653061224,0.05662625,0.07431817054748535,30.7532799243927,,
34800,0.3612401,0.87542135,710.204081632653,0.056501249999999996,0.07544565200805664,30.752281427383423,,
34900,0.35894766,0.8764503,712.2448979591836,0.056376249999999996,0.07455301284790039,30.75214910507202,,
35000,0.3582713,0.8775184,714.2857142857143,0.05625125,0.07441473007202148,33.85205054283142,0.3791225,0.8685
35100,0.35980657,0.8761465,716.3265306122449,0.05612625,0.07483911514282227,30.74860453605652,,
35200,0.35857308,0.8777046,718.3673469387755,0.05600125,0.07495808601379395,30.75121808052063,,
35300,0.35941917,0.87698925,720.4081632653061,0.05587625000000001,0.07459902763366699,30.75325894355774,,
35400,0.35829747,0.87732244,722.4489795918367,0.05575125000000001,0.07441878318786621,30.75648331642151,,
35500,0.35977638,0.8764503,724.4897959183673,0.05562625,0.07475829124450684,30.75259304046631,,
35600,0.35948715,0.8771852,726.530612244898,0.05550125,0.07444453239440918,30.758687734603882,,
35700,0.35917556,0.877881,728.5714285714286,0.055376249999999995,0.07441234588623047,30.76307773590088,,
35800,0.36129534,0.87567616,730.6122448979592,0.05525125,0.0753483772277832,30.761003017425537,,
35900,0.3604498,0.8774302,732.6530612244898,0.05512625,0.07463669776916504,30.75871467590332,,
36000,0.3602258,0.8772342,734.6938775510204,0.05500125,0.0746314525604248,33.86160135269165,0.37826207,0.8704
36100,0.35690513,0.878077,736.734693877551,0.05487625000000001,0.07464218139648438,30.757558822631836,,
36200,0.36082706,0.8764405,738.7755102040817,0.05475125000000001,0.07522058486938477,30.755861043930054,,
36300,0.3600118,0.8763817,740.8163265306123,0.05462625,0.07413816452026367,30.755441188812256,,
36400,0.35881257,0.87736166,742.8571428571429,0.05450125,0.07462263107299805,30.761779069900513,,
36500,0.3596694,0.8764209,744.8979591836735,0.054376249999999994,0.07441544532775879,30.75702977180481,,
36600,0.3608163,0.87622494,746.9387755102041,0.05425125,0.07612895965576172,30.76923370361328,,
36700,0.35808238,0.8768129,748.9795918367347,0.05412625,0.07414793968200684,30.755157232284546,,
36800,0.35957816,0.87654114,751.0204081632653,0.05400125,0.07448029518127441,30.70751976966858,,
36900,0.35912818,0.87715584,753.0612244897959,0.05387625000000001,0.07451295852661133,30.759432315826416,,
37000,0.3576877,0.8773518,755.1020408163265,0.05375125000000001,0.07454538345336914,33.85733342170715,0.379598,0.8702
37100,0.35854176,0.8769991,757.1428571428571,0.05362625,0.0747833251953125,30.75972318649292,,
37200,0.35856137,0.87707746,759.1836734693877,0.05350125,0.07429289817810059,30.754586935043335,,
37300,0.35978,0.8767345,761.2244897959183,0.05337624999999999,0.07436108589172363,30.76278066635132,,
37400,0.35926712,0.8760877,763.265306122449,0.05325125,0.07475018501281738,30.764371871948242,,
37500,0.358479,0.87672466,765.3061224489796,0.05312625,0.07450151443481445,30.757724285125732,,
37600,0.3607822,0.8766953,767.3469387755102,0.05300125,0.07477092742919922,30.759699821472168,,
37700,0.3585043,0.8770971,769.3877551020408,0.05287625000000001,0.07471966743469238,30.758123874664307,,
37800,0.36124337,0.8762837,771.4285714285714,0.052751250000000006,0.0745847225189209,30.760138511657715,,
37900,0.35769042,0.8779202,773.469387755102,0.05262625000000001,0.0745391845703125,30.755122900009155,,
38000,0.3586112,0.87725383,775.5102040816327,0.05250125,0.07443809509277344,33.860740184783936,0.37846413,0.8704
38100,0.35994518,0.8758525,777.5510204081633,0.052376250000000006,0.07485699653625488,30.75846576690674,,
38200,0.35944858,0.8770971,779.5918367346939,0.05225125,0.0746603012084961,30.762325525283813,,
38300,0.3584057,0.8776164,781.6326530612245,0.05212625,0.07444477081298828,30.765311002731323,,
38400,0.36086643,0.8761857,783.6734693877551,0.05200125,0.07469868659973145,30.765900135040283,,
38500,0.3596765,0.87615633,785.7142857142857,0.051876250000000006,0.07483339309692383,30.76105284690857,,
38600,0.35739055,0.8774302,787.7551020408164,0.051751250000000006,0.07461285591125488,30.765013217926025,,
38700,0.3611145,0.8764993,789.795918367347,0.05162625000000001,0.07496309280395508,30.763274431228638,,
38800,0.35991424,0.8771657,791.8367346938776,0.05150125,0.07532668113708496,30.764240264892578,,
38900,0.35980865,0.8768325,793.8775510204082,0.051376250000000005,0.07463359832763672,30.765865564346313,,
39000,0.36051786,0.87634254,795.9183673469388,0.05125125,0.07515406608581543,33.86838340759277,0.37948245,0.8698
39100,0.35870278,0.87687165,797.9591836734694,0.05112625,0.07563257217407227,30.76442551612854,,
39200,0.3578803,0.87751293,800.0,0.05100125,0.07416415214538574,30.70673394203186,,
39300,0.35806617,0.87752825,802.0408163265306,0.050876250000000005,0.07435059547424316,30.760254859924316,,
39400,0.35806474,0.87745965,804.0816326530612,0.050751250000000005,0.07435369491577148,30.75874376296997,,
39500,0.3606849,0.8762641,806.1224489795918,0.05062625000000001,0.0752565860748291,30.76066827774048,,
39600,0.35956612,0.8768619,808.1632653061224,0.05050125,0.0745248794555664,30.755512475967407,,
39700,0.35759765,0.8773518,810.204081632653,0.050376250000000004,0.07446599006652832,30.759765625,,
39800,0.3603933,0.87665606,812.2448979591836,0.05025125,0.07448506355285645,30.7608962059021,,
39900,0.36101317,0.8763327,814.2857142857143,0.05012625,0.07454872131347656,30.762611865997314,,
40000,0.35820788,0.87665606,816.3265306122449,0.05000125,0.0744774341583252,33.85609269142151,0.37846664,0.87
40100,0.3613892,0.8764013,818.3673469387755,0.049876250000000004,0.07509326934814453,30.760820627212524,,
40200,0.35732204,0.87827295,820.4081632653061,0.049751250000000004,0.07465291023254395,30.765539169311523,,
40300,0.35906205,0.87721467,822.4489795918367,0.04962625000000001,0.07433223724365234,30.760175943374634,,
40400,0.3579356,0.87684226,824.4897959183673,0.04950125,0.07469034194946289,30.762686491012573,,
40500,0.36025903,0.87689126,826.530612244898,0.049376250000000003,0.0745851993560791,30.76343870162964,,
40600,0.36019245,0.87594074,828.5714285714286,0.04925125,0.07477974891662598,30.76213836669922,,
40700,0.35820866,0.8773812,830.6122448979592,0.04912625000000001,0.07448697090148926,30.761468172073364,,
40800,0.35940418,0.87721467,832.6530612244898,0.049001249999999996,0.07446146011352539,30.767198085784912,,
40900,0.35823646,0.8777732,834.6938775510204,0.04887625,0.07421398162841797,30.761508226394653,,
41000,0.36174306,0.8765777,836.734693877551,0.04875125,0.07477951049804688,33.86551308631897,0.37849602,0.8695
41100,0.35974532,0.8759505,838.7755102040817,0.04862625000000001,0.07500672340393066,30.761128187179565,,
41200,0.35791972,0.87701863,840.8163265306123,0.048501249999999996,0.0750124454498291,30.7630672454834,,
41300,0.3579758,0.8773518,842.8571428571429,0.04837625,0.07490777969360352,30.764620304107666,,
41400,0.35913888,0.8760975,844.8979591836735,0.04825125,0.07559394836425781,30.761856079101562,,
41500,0.35887066,0.87762624,846.9387755102041,0.04812625000000001,0.07656216621398926,30.76243019104004,,
41600,0.35957906,0.87634254,848.9795918367347,0.048001249999999995,0.07443594932556152,30.75923800468445,,
41700,0.36076236,0.87586385,851.0204081632653,0.04787625,0.0744316577911377,30.706263780593872,,
41800,0.3606329,0.87712646,853.0612244897959,0.04775125,0.07441306114196777,30.757569074630737,,
41900,0.35896987,0.8766659,855.1020408163265,0.04762625000000001,0.0746920108795166,30.758926391601562,,
42000,0.35764113,0.87710685,857.1428571428571,0.047501249999999995,0.07428669929504395,33.844491958618164,0.37850994,0.8697
42100,0.36113322,0.8760191,859.1836734693877,0.04737625,0.07500863075256348,30.752686262130737,,
42200,0.35811836,0.8770676,861.2244897959183,0.04725125,0.07431483268737793,30.753618955612183,,
42300,0.35884267,0.8768031,863.265306122449,0.04712625000000001,0.07578492164611816,30.755279302597046,,
42400,0.35810456,0.87727344,865.3061224489796,0.04700125000000001,0.07524442672729492,30.753734827041626,,
42500,0.35931528,0.87655807,867.3469387755102,0.04687625,0.07447481155395508,30.75731873512268,,
42600,0.35961452,0.87752825,869.3877551020408,0.04675125,0.0745687484741211,30.7564799785614,,
42700,0.35842136,0.8782534,871.4285714285714,0.04662625000000001,0.07448625564575195,30.755144119262695,,
42800,0.35635445,0.87820435,873.469387755102,0.04650125000000001,0.07493066787719727,30.74722719192505,,
42900,0.3608858,0.87737143,875.5102040816327,0.04637625,0.07445311546325684,30.75560426712036,,
43000,0.35896465,0.8763033,877.5510204081633,0.04625125,0.07476449012756348,33.85301947593689,0.3778361,0.8705
43100,0.35934308,0.8764307,879.5918367346939,0.04612625000000001,0.07487249374389648,30.754943132400513,,
43200,0.35880578,0.8773028,881.6326530612245,0.04600125000000001,0.07484865188598633,30.759308099746704,,
43300,0.35862708,0.87757725,883.6734693877551,0.04587625,0.07455563545227051,30.751391887664795,,
43400,0.35881692,0.8765287,885.7142857142857,0.04575125,0.07441163063049316,30.758172512054443,,
43500,0.3598317,0.8760681,887.7551020408164,0.04562625000000001,0.07491779327392578,30.75605058670044,,
43600,0.35878932,0.8767639,889.795918367347,0.04550125000000001,0.07488656044006348,30.75271701812744,,
43700,0.3602062,0.8762935,891.8367346938776,0.04537625,0.0739593505859375,30.750574350357056,,
43800,0.35804653,0.87710685,893.8775510204082,0.04525125,0.0746307373046875,30.75207543373108,,
43900,0.35846484,0.8780378,895.9183673469388,0.04512625000000001,0.07501220703125,30.753090858459473,,
44000,0.35883358,0.8765875,897.9591836734694,0.045001250000000007,0.07634425163269043,33.854681968688965,0.37743068,0.8699
44100,0.35986468,0.875962,900.0,0.04487625,0.07483291625976562,30.703686714172363,,
44200,0.35846698,0.8774302,902.0408163265306,0.04475125,0.07479739189147949,30.757280111312866,,
44300,0.35925347,0.8768031,904.0816326530612,0.044626250000000006,0.07477140426635742,30.758691549301147,,
44400,0.3599965,0.87710685,906.1224489795918,0.044501250000000006,0.07488656044006348,30.753736972808838,,
44500,0.35984245,0.87729305,908.1632653061224,0.04437625,0.07463502883911133,30.75674033164978,,
44600,0.35906604,0.8777046,910.204081632653,0.04425125,0.07438850402832031,30.755157470703125,,
44700,0.35882664,0.8769795,912.2448979591836,0.044126250000000006,0.07414913177490234,30.755733966827393,,
44800,0.35888177,0.87822396,914.2857142857143,0.044001250000000006,0.07466816902160645,30.752323389053345,,
44900,0.35995376,0.8768325,916.3265306122449,0.043876250000000006,0.0746617317199707,30.756323099136353,,
45000,0.3591751,0.8765483,918.3673469387755,0.04375125,0.07601118087768555,33.85767102241516,0.3797199,0.8695
45100,0.358372,0.87748903,920.4081632653061,0.043626250000000005,0.07491660118103027,30.758375883102417,,
45200,0.35884026,0.8773812,922.4489795918367,0.043501250000000005,0.07487821578979492,30.75844407081604,,
45300,0.3575137,0.87729305,924.4897959183673,0.043376250000000005,0.07451891899108887,30.752731800079346,,
45400,0.35796893,0.8777144,926.530612244898,0.04325125,0.07462573051452637,30.755640745162964,,
45500,0.36065975,0.87667567,928.5714285714286,0.043126250000000005,0.0743553638458252,30.753681659698486,,
45600,0.35789737,0.8767541,930.6122448979592,0.043001250000000005,0.0745856761932373,30.759093046188354,,
45700,0.35749432,0.8777144,932.6530612244898,0.042876250000000005,0.07484674453735352,30.757542610168457,,
45800,0.35768893,0.8771167,934.6938775510204,0.04275125,0.07538056373596191,30.755186796188354,,
45900,0.36057946,0.8761661,936.734693877551,0.042626250000000004,0.07520890235900879,30.755846977233887,,
46000,0.35660985,0.87893933,938.7755102040817,0.042501250000000004,0.07449889183044434,33.85808348655701,0.37873146,0.8704
46100,0.35784972,0.8765483,940.8163265306123,0.042376250000000004,0.07480072975158691,30.754159450531006,,
46200,0.35861397,0.8770676,942.8571428571429,0.04225125,0.0745706558227539,30.758153200149536,,
46300,0.35745066,0.87836117,944.8979591836735,0.042126250000000004,0.07448244094848633,30.755776405334473,,
46400,0.35835266,0.8766169,946.9387755102041,0.042001250000000004,0.07619094848632812,30.759893894195557,,
46500,0.35927284,0.87721467,948.9795918367347,0.041876250000000004,0.07486438751220703,30.758046865463257,,
46600,0.3576548,0.8777878,951.0204081632653,0.04175125,0.07546687126159668,30.705260276794434,,
46700,0.35994175,0.87726367,953.0612244897959,0.041626250000000004,0.07532334327697754,30.754035234451294,,
46800,0.36006182,0.87707746,955.1020408163265,0.04150125,0.07477784156799316,30.755313396453857,,
46900,0.35982788,0.87691087,957.1428571428571,0.04137625,0.07462430000305176,30.755773782730103,,
47000,0.35859707,0.87745965,959.1836734693877,0.041251249999999996,0.07478499412536621,33.85045504570007,0.37826833,0.8689
47100,0.35860944,0.877832,961.2244897959183,0.04112625,0.07506060600280762,30.759092092514038,,
47200,0.36044675,0.8767443,963.265306122449,0.04100125,0.07468318939208984,30.75774335861206,,
47300,0.35911006,0.87747926,965.3061224489796,0.04087625,0.07459020614624023,30.7565758228302,,
47400,0.36048687,0.8764699,967.3469387755102,0.04075125000000001,0.07466483116149902,30.76021146774292,,
47500,0.35770622,0.87741065,969.3877551020408,0.04062625,0.07469534873962402,30.75997042655945,,
47600,0.36006862,0.87598974,971.4285714285714,0.04050125,0.07585501670837402,30.756376266479492,,
47700,0.36053145,0.8762347,973.469387755102,0.04037625,0.07497334480285645,30.756471395492554,,
47800,0.35759997,0.8774988,975.5102040816327,0.04025125000000001,0.07483196258544922,30.760156869888306,,
47900,0.35860783,0.8765287,977.5510204081633,0.04012625,0.07452988624572754,30.757177591323853,,
48000,0.35901597,0.87827295,979.5918367346939,0.04000125,0.07469058036804199,33.85417342185974,0.37845364,0.8694
48100,0.35917148,0.87752825,981.6326530612245,0.03987625,0.07475423812866211,30.757488012313843,,
48200,0.35769376,0.8779202,983.6734693877551,0.03975125000000001,0.07453179359436035,30.757635354995728,,
48300,0.36027962,0.8762641,985.7142857142857,0.03962625,0.07497644424438477,30.763296127319336,,
48400,0.35747227,0.8776654,987.7551020408164,0.03950125,0.0744023323059082,30.757638931274414,,
48500,0.35909435,0.877587,989.795918367347,0.03937625,0.07460403442382812,30.75739812850952,,
48600,0.35779053,0.87793,991.8367346938776,0.03925125000000001,0.07425498962402344,30.7568781375885,,
48700,0.359132,0.8762053,993.8775510204082,0.03912625,0.07449793815612793,30.753873348236084,,
48800,0.35885537,0.87737143,995.9183673469388,0.03900125,0.07522940635681152,30.75353479385376,,
48900,0.3592713,0.8766659,997.9591836734694,0.03887625,0.07593154907226562,30.75856375694275,,
49000,0.35913247,0.87858295,1000.0,0.03875125000000001,0.07599592208862305,33.799426317214966,0.3777664,0.871
49100,0.3590726,0.8767345,1002.0408163265306,0.03862625,0.07582497596740723,30.760066986083984,,
49200,0.3575927,0.87748903,1004.0816326530612,0.03850125,0.07584381103515625,30.75429081916809,,
49300,0.35986274,0.8764307,1006.1224489795918,0.03837625,0.07647705078125,30.761335611343384,,
49400,0.35839874,0.87701863,1008.1632653061224,0.03825125000000001,0.0760340690612793,30.756729125976562,,
49500,0.35807854,0.8780966,1010.204081632653,0.03812625,0.07579255104064941,30.758381366729736,,
49600,0.35881016,0.87692064,1012.2448979591836,0.03800125,0.07503485679626465,30.75554132461548,,
49700,0.35777327,0.87837094,1014.2857142857143,0.03787625,0.07495617866516113,30.75853133201599,,
49800,0.35986918,0.8768619,1016.3265306122449,0.03775125000000001,0.07512927055358887,30.75512719154358,,
49900,0.35885373,0.8775968,1018.3673469387755,0.03762625000000001,0.07589149475097656,30.759317874908447,,
50000,0.3593655,0.8769011,1020.4081632653061,0.03750125,0.07482671737670898,33.88762307167053,0.37906393,0.8697
50100,0.3591115,0.8764503,1022.4489795918367,0.03737625,0.07496023178100586,30.753885507583618,,
50200,0.3587674,0.8761465,1024.4897959183672,0.03725125000000001,0.07501673698425293,30.757369995117188,,
50300,0.3590879,0.87701863,1026.530612244898,0.037126250000000006,0.07529401779174805,30.7574782371521,,
50400,0.3621186,0.8763817,1028.5714285714287,0.03700125,0.0751793384552002,30.756144762039185,,
50500,0.35814953,0.87705785,1030.6122448979593,0.03687625,0.07463264465332031,30.75984287261963,,
50600,0.35907722,0.87698925,1032.6530612244899,0.036751250000000006,0.07457232475280762,30.757136344909668,,
50700,0.35839337,0.8778222,1034.6938775510205,0.036626250000000006,0.07509469985961914,30.756619691848755,,
50800,0.35939813,0.87724406,1036.734693877551,0.03650125,0.07452845573425293,30.759474515914917,,
50900,0.35917538,0.87703824,1038.7755102040817,0.03637625,0.07467985153198242,30.757912635803223,,
51000,0.35969287,0.8763621,1040.8163265306123,0.036251250000000006,0.0747840404510498,33.854045391082764,0.3780859,0.8708
51100,0.35945794,0.87691087,1042.857142857143,0.036126250000000006,0.07520222663879395,30.763745069503784,,
51200,0.3573487,0.8767639,1044.8979591836735,0.03600125,0.07536482810974121,30.75816774368286,,
51300,0.35729533,0.87827295,1046.938775510204,0.03587625,0.0763254165649414,30.760598182678223,,
51400,0.35891715,0.87692064,1048.9795918367347,0.035751250000000005,0.07459855079650879,30.75335955619812,,
51500,0.35953236,0.87704176,1051.0204081632653,0.035626250000000005,0.07444024085998535,30.704243659973145,,
51600,0.35734245,0.87729305,1053.061224489796,0.03550125,0.07485699653625488,30.757086753845215,,
51700,0.35802776,0.8768031,1055.1020408163265,0.03537625,0.07454705238342285,30.756633043289185,,
51800,0.35872865,0.8768129,1057.142857142857,0.035251250000000005,0.07496309280395508,30.760076761245728,,
51900,0.35936204,0.8775184,1059.1836734693877,0.035126250000000005,0.07455706596374512,30.752827882766724,,
52000,0.35864773,0.8769305,1061.2244897959183,0.03500125,0.07470560073852539,33.85179042816162,0.3780718,0.8704
52100,0.35998717,0.8769501,1063.265306122449,0.03487625,0.07492876052856445,30.757795572280884,,
52200,0.35844108,0.87715584,1065.3061224489795,0.034751250000000004,0.07555627822875977,30.760797023773193,,
52300,0.35905567,0.8771852,1067.3469387755101,0.034626250000000004,0.07477450370788574,30.756694078445435,,
52400,0.35829335,0.87815535,1069.3877551020407,0.034501250000000004,0.07526588439941406,30.760042428970337,,
52500,0.35790297,0.8764503,1071.4285714285713,0.03437625,0.07525753974914551,30.75990390777588,,
52600,0.36019826,0.8765777,1073.469387755102,0.034251250000000004,0.07512283325195312,30.757765769958496,,
52700,0.3585017,0.878077,1075.5102040816328,0.034126250000000004,0.07507491111755371,30.760003566741943,,
52800,0.35734916,0.87722445,1077.5510204081634,0.034001250000000004,0.07466673851013184,30.759037971496582,,
52900,0.35823137,0.87660706,1079.591836734694,0.03387625,0.07507061958312988,30.761514902114868,,
53000,0.35873377,0.87714607,1081.6326530612246,0.033751250000000003,0.0748741626739502,33.89379000663757,0.37804064,0.8695
53100,0.35860497,0.87695986,1083.6734693877552,0.03362625,0.07567429542541504,30.765992879867554,,
53200,0.35979044,0.8765875,1085.7142857142858,0.03350125,0.0751793384552002,30.768202543258667,,
53300,0.35820153,0.87824357,1087.7551020408164,0.033376249999999996,0.075347900390625,30.775062799453735,,
53400,0.35843194,0.8766365,1089.795918367347,0.03325125,0.07481265068054199,30.775144338607788,,
53500,0.35855106,0.87695986,1091.8367346938776,0.03312625,0.07485604286193848,30.766890287399292,,
53600,0.3587592,0.87755764,1093.8775510204082,0.03300125,0.07517004013061523,30.767741441726685,,
53700,0.36110336,0.87622494,1095.9183673469388,0.032876249999999996,0.07520127296447754,30.76853346824646,,
53800,0.35926446,0.8768325,1097.9591836734694,0.03275125,0.07605504989624023,30.76970648765564,,
53900,0.35771522,0.8780136,1100.0,0.03262625,0.07461762428283691,30.715182542800903,,
54000,0.35915172,0.8773322,1102.0408163265306,0.03250125,0.07503700256347656,33.901597023010254,0.37796116,0.8693
54100,0.35749587,0.8781358,1104.0816326530612,0.032376249999999995,0.07517004013061523,30.764491081237793,,
54200,0.35821828,0.8769991,1106.1224489795918,0.03225125,0.07496404647827148,30.764674186706543,,
54300,0.35855794,0.87610734,1108.1632653061224,0.03212625,0.07513093948364258,30.764414072036743,,
54400,0.3568158,0.87834156,1110.204081632653,0.03200125,0.07564353942871094,30.762413024902344,,
54500,0.3586155,0.8777144,1112.2448979591836,0.031876249999999995,0.07608628273010254,30.760387897491455,,
54600,0.35949573,0.8769501,1114.2857142857142,0.03175125,0.07634997367858887,30.763805389404297,,
54700,0.35875237,0.87703824,1116.3265306122448,0.03162625,0.07588005065917969,30.764838457107544,,
54800,0.358167,0.87822396,1118.3673469387754,0.03150125,0.07537102699279785,30.759706497192383,,
54900,0.35790244,0.87748903,1120.408163265306,0.03137625000000001,0.07476663589477539,30.766965627670288,,
55000,0.3567414,0.8777144,1122.4489795918366,0.03125125,0.07564353942871094,33.89519429206848,0.3780204,0.8698
55100,0.3583621,0.877636,1124.4897959183672,0.03112625,0.07631778717041016,30.7586452960968,,
55200,0.3580599,0.8768619,1126.530612244898,0.031001250000000004,0.07558584213256836,30.766736030578613,,
55300,0.3584379,0.8768031,1128.5714285714287,0.030876250000000008,0.07564377784729004,30.780853033065796,,
55400,0.35723713,0.8775478,1130.6122448979593,0.030751249999999997,0.07612991333007812,30.76285481452942,,
55500,0.35855865,0.8774008,1132.6530612244899,0.03062625,0.07615470886230469,30.76425075531006,,
55600,0.36031285,0.87598974,1134.6938775510205,0.030501250000000004,0.07628750801086426,30.759679079055786,,
55700,0.35694543,0.87793,1136.734693877551,0.030376250000000007,0.07591366767883301,30.764195442199707,,
55800,0.35987666,0.8776556,1138.7755102040817,0.030251249999999997,0.07658982276916504,30.76318860054016,,
55900,0.35762846,0.87707746,1140.8163265306123,0.03012625,0.07617831230163574,30.762006282806396,,
56000,0.3587499,0.8773322,1142.857142857143,0.030001250000000004,0.07641196250915527,33.85419702529907,0.3786437,0.8698
56100,0.3585701,0.87832195,1144.8979591836735,0.029876250000000007,0.07567930221557617,30.762349367141724,,
56200,0.35814324,0.87741065,1146.938775510204,0.029751249999999996,0.07723879814147949,30.761534452438354,,
56300,0.3587065,0.8765483,1148.9795918367347,0.02962625,0.07530832290649414,30.766996145248413,,
56400,0.3593608,0.8766982,1151.0204081632653,0.029501250000000003,0.0747838020324707,30.713306427001953,,
56500,0.35846394,0.87724406,1153.061224489796,0.029376250000000007,0.07537150382995605,30.76177167892456,,
56600,0.35816237,0.8784004,1155.1020408163265,0.029251249999999996,0.07621502876281738,30.755064487457275,,
56700,0.35988098,0.8761955,1157.142857142857,0.02912625,0.07526445388793945,30.758185386657715,,
56800,0.35938942,0.87679327,1159.1836734693877,0.029001250000000003,0.07578301429748535,30.76034951210022,,
56900,0.35760838,0.87707746,1161.2244897959183,0.028876250000000006,0.0753180980682373,30.760209798812866,,
57000,0.35950452,0.8773322,1163.265306122449,0.028751249999999996,0.07533788681030273,33.85584497451782,0.37820208,0.8694
57100,0.35609558,0.8780672,1165.3061224489795,0.02862625,0.07517147064208984,30.756733417510986,,
57200,0.36015093,0.8773028,1167.3469387755101,0.028501250000000002,0.0758202075958252,30.755350828170776,,
57300,0.3584358,0.87732244,1169.3877551020407,0.028376250000000006,0.07565832138061523,30.753787755966187,,
57400,0.3575757,0.8788021,1171.4285714285713,0.028251250000000006,0.07512354850769043,30.752845764160156,,
57500,0.3587036,0.87722445,1173.469387755102,0.02812625,0.07537078857421875,30.758213758468628,,
57600,0.35827,0.87737143,1175.5102040816328,0.028001250000000002,0.0764932632446289,30.75692319869995,,
57700,0.35915583,0.87684226,1177.5510204081634,0.027876250000000005,0.07517457008361816,30.754688262939453,,
57800,0.35870904,0.8765091,1179.591836734694,0.027751250000000005,0.07492589950561523,30.757676124572754,,
57900,0.35804588,0.87762624,1181.6326530612246,0.027626249999999998,0.07500195503234863,30.755049467086792,,
58000,0.35922623,0.8764699,1183.6734693877552,0.02750125,0.0753328800201416,33.86711049079895,0.37831202,0.87
58100,0.36156094,0.87598974,1185.7142857142858,0.027376250000000005,0.07480669021606445,30.76144289970398,,
58200,0.35960162,0.8761465,1187.7551020408164,0.027251250000000005,0.07511734962463379,30.75572633743286,,
58300,0.3578702,0.8776458,1189.795918367347,0.027126249999999998,0.07521820068359375,30.759455919265747,,
58400,0.36047497,0.8767541,1191.8367346938776,0.02700125,0.07514429092407227,30.757570028305054,,
58500,0.36026573,0.87665606,1193.8775510204082,0.026876250000000004,0.07509565353393555,30.761104106903076,,
58600,0.35731316,0.87760663,1195.9183673469388,0.026751250000000004,0.07595062255859375,30.765039682388306,,
58700,0.35777184,0.8776948,1197.9591836734694,0.026626249999999997,0.07689070701599121,30.76385474205017,,
58800,0.35842168,0.87671787,1200.0,0.02650125,0.07568597793579102,30.706777334213257,,
58900,0.3588347,0.87793,1202.0408163265306,0.026376250000000004,0.07557868957519531,30.762778997421265,,
59000,0.3576828,0.87815535,1204.0816326530612,0.026251250000000004,0.07634305953979492,33.85376238822937,0.3789509,0.8702
59100,0.35986596,0.8764209,1206.1224489795918,0.026126249999999997,0.0748128890991211,30.752384662628174,,
59200,0.35930592,0.8776458,1208.1632653061224,0.02600125,0.07610273361206055,30.761045694351196,,
59300,0.35819015,0.8781946,1210.204081632653,0.025876250000000003,0.07587790489196777,30.757923126220703,,
59400,0.35816088,0.8764895,1212.2448979591836,0.025751250000000003,0.07700800895690918,30.759007930755615,,
59500,0.35919735,0.8770971,1214.2857142857142,0.025626249999999996,0.07511305809020996,30.758578062057495,,
59600,0.3589153,0.8769501,1216.3265306122448,0.02550125,0.07501101493835449,30.75643539428711,,
59700,0.35813877,0.87696964,1218.3673469387754,0.025376250000000003,0.07518577575683594,30.77161693572998,,
59800,0.35917526,0.87703824,1220.408163265306,0.025251250000000003,0.07590699195861816,30.76059079170227,,
59900,0.35897723,0.87729305,1222.4489795918366,0.025126250000000006,0.07611870765686035,30.769426345825195,,
60000,0.35843328,0.87692064,1224.4897959183672,0.02500125,0.07738900184631348,33.86770439147949,0.37803078,0.8702
60100,0.35644758,0.8793509,1226.530612244898,0.024876250000000003,0.0756826400756836,30.7601158618927,,
60200,0.35780343,0.8780966,1228.5714285714287,0.024751250000000002,0.07542729377746582,30.756911516189575,,
60300,0.35934368,0.87684226,1230.6122448979593,0.024626250000000006,0.07536506652832031,30.75883197784424,,
60400,0.3589157,0.8766855,1232.6530612244899,0.02450125,0.07520723342895508,30.762439250946045,,
60500,0.35607353,0.8777046,1234.6938775510205,0.024376250000000002,0.07514429092407227,30.75879693031311,,
60600,0.36046964,0.8765875,1236.734693877551,0.024251250000000002,0.07593894004821777,30.754931211471558,,
60700,0.357141,0.87703824,1238.7755102040817,0.024126250000000005,0.07607316970825195,30.764299631118774,,
60800,0.3590296,0.8764797,1240.8163265306123,0.02400125,0.07512593269348145,30.757372617721558,,
60900,0.3589552,0.877734,1242.857142857143,0.02387625,0.07540702819824219,30.758615016937256,,
61000,0.35856923,0.8769991,1244.8979591836735,0.02375125,0.07470011711120605,33.858360052108765,0.37792826,0.87
61100,0.35898125,0.87747926,1246.938775510204,0.023626250000000005,0.07701945304870605,30.76267147064209,,
61200,0.35828227,0.8776654,1248.9795918367347,0.023501249999999998,0.07506608963012695,30.760662078857422,,
61300,0.35765618,0.8782099,1251.0204081632653,0.02337625,0.07510042190551758,30.71022939682007,,
61400,0.35773328,0.8782142,1253.061224489796,0.02325125,0.07519912719726562,30.766742944717407,,
61500,0.36019558,0.8761955,1255.1020408163265,0.023126250000000004,0.07502913475036621,30.761301279067993,,
61600,0.35901392,0.8764405,1257.142857142857,0.023001249999999997,0.07505035400390625,30.76155114173889,,
61700,0.35859558,0.87684226,1259.1836734693877,0.02287625,0.07516884803771973,30.760240077972412,,
61800,0.35850236,0.8777438,1261.2244897959183,0.02275125,0.07583904266357422,30.759214401245117,,
61900,0.35866207,0.87719506,1263.265306122449,0.022626250000000004,0.0753011703491211,30.765276432037354,,
62000,0.35835135,0.87682265,1265.3061224489795,0.022501249999999997,0.0755305290222168,33.86434864997864,0.3780555,0.8704
62100,0.3570777,0.8780672,1267.3469387755101,0.02237625,0.0765988826751709,30.765039920806885,,
62200,0.3570773,0.87817496,1269.3877551020407,0.02225125,0.07619667053222656,30.76330828666687,,
62300,0.36005104,0.87698925,1271.4285714285713,0.022126250000000004,0.07610607147216797,30.761019229888916,,
62400,0.35834303,0.87737143,1273.469387755102,0.022001250000000007,0.0770726203918457,30.76487708091736,,
62500,0.35861087,0.87703824,1275.5102040816328,0.02187625,0.07614922523498535,30.76439070701599,,
62600,0.35940439,0.8767639,1277.5510204081634,0.02175125,0.07641839981079102,30.76652216911316,,
62700,0.3569361,0.87762624,1279.591836734694,0.021626250000000003,0.07640552520751953,30.76636266708374,,
62800,0.35821754,0.8771852,1281.6326530612246,0.021501250000000006,0.07748103141784668,30.76873469352722,,
62900,0.3575587,0.8773322,1283.6734693877552,0.02137625,0.07668948173522949,30.76256275177002,,
63000,0.3582006,0.8771852,1285.7142857142858,0.02125125,0.07667374610900879,33.86685919761658,0.37833762,0.869
63100,0.35931572,0.8768129,1287.7551020408164,0.021126250000000003,0.07727646827697754,30.761963844299316,,
63200,0.35947427,0.87687165,1289.795918367347,0.021001250000000006,0.07671070098876953,30.764386415481567,,
63300,0.3566836,0.8778124,1291.8367346938776,0.02087625,0.0759270191192627,30.761053562164307,,
63400,0.3610588,0.87677366,1293.8775510204082,0.02075125,0.07627320289611816,30.759291648864746,,
63500,0.35771763,0.87727344,1295.9183673469388,0.020626250000000002,0.07571792602539062,30.759169101715088,,
63600,0.3602354,0.8759309,1297.9591836734694,0.020501250000000006,0.07665538787841797,30.761598110198975,,
63700,0.3584046,0.87708104,1300.0,0.02037625,0.07559943199157715,30.703631162643433,,
63800,0.3599141,0.87696964,1302.0408163265306,0.02025125,0.07499575614929199,30.757586240768433,,
63900,0.35782638,0.87727344,1304.0816326530612,0.020126250000000002,0.07538032531738281,30.754521369934082,,
64000,0.35802624,0.8778908,1306.1224489795918,0.020001250000000005,0.07528400421142578,33.85753607749939,0.37827846,0.8702
64100,0.35841197,0.87679327,1308.1632653061224,0.019876249999999998,0.07540607452392578,30.766448736190796,,
64200,0.359799,0.87713623,1310.204081632653,0.019751249999999998,0.07532906532287598,30.76515483856201,,
64300,0.35738677,0.87760663,1312.2448979591836,0.01962625,0.07538533210754395,30.764639139175415,,
64400,0.35954627,0.87610734,1314.2857142857142,0.019501250000000005,0.07509469985961914,30.76850175857544,,
64500,0.35957476,0.8771167,1316.3265306122448,0.019376249999999998,0.07536053657531738,30.764077186584473,,
64600,0.35714805,0.87864536,1318.3673469387754,0.019251249999999998,0.07545852661132812,30.76905345916748,,
64700,0.35830957,0.87713623,1320.408163265306,0.01912625,0.07582521438598633,30.76292395591736,,
64800,0.3591125,0.8763719,1322.4489795918366,0.019001250000000004,0.07538294792175293,30.762924194335938,,
64900,0.35580215,0.877832,1324.4897959183672,0.018876250000000008,0.0753486156463623,30.765991926193237,,
65000,0.35859635,0.87736166,1326.530612244898,0.018751249999999997,0.07556009292602539,33.86057376861572,0.37789118,0.8706
65100,0.35723576,0.8776458,1328.5714285714287,0.01862625,0.07520794868469238,30.75619888305664,,
65200,0.36018112,0.8763817,1330.6122448979593,0.018501250000000004,0.07492971420288086,30.75933575630188,,
65300,0.35774446,0.8776556,1332.6530612244899,0.018376250000000007,0.07569384574890137,30.759068965911865,,
65400,0.3590068,0.8765679,1334.6938775510205,0.018251249999999997,0.07639455795288086,30.758872032165527,,
65500,0.3587537,0.8770481,1336.734693877551,0.01812625,0.07578301429748535,30.76067090034485,,
65600,0.35804585,0.8775184,1338.7755102040817,0.018001250000000003,0.07636451721191406,30.758366107940674,,
65700,0.35778764,0.87700886,1340.8163265306123,0.017876250000000007,0.0751500129699707,30.76244354248047,,
65800,0.35937938,0.87691087,1342.857142857143,0.017751249999999996,0.07617354393005371,30.75886559486389,,
65900,0.3572662,0.87713623,1344.8979591836735,0.01762625,0.07546591758728027,30.758835315704346,,
66000,0.357257,0.8783318,1346.938775510204,0.017501250000000003,0.07654333114624023,33.85284900665283,0.37810534,0.8701
66100,0.35821438,0.8780182,1348.9795918367347,0.017376250000000006,0.07537317276000977,30.759111404418945,,
66200,0.3582969,0.8774835,1351.0204081632653,0.017251249999999996,0.07482051849365234,30.704128980636597,,
66300,0.3583893,0.8767149,1353.061224489796,0.01712625,0.07619953155517578,30.758235692977905,,
66400,0.35959274,0.8765679,1355.1020408163265,0.017001250000000002,0.07526588439941406,30.756089687347412,,
66500,0.36083138,0.87582314,1357.142857142857,0.016876250000000006,0.07565569877624512,30.758244037628174,,
66600,0.35834134,0.8778418,1359.1836734693877,0.016751249999999995,0.0751497745513916,30.758350610733032,,
66700,0.35712257,0.8784494,1361.2244897959183,0.01662625,0.075103759765625,30.759217262268066,,
66800,0.3586826,0.8764699,1363.265306122449,0.016501250000000002,0.07519912719726562,30.75629496574402,,
66900,0.35694984,0.87845916,1365.3061224489795,0.016376250000000005,0.07551836967468262,30.755415678024292,,
67000,0.35860336,0.87724406,1367.3469387755101,0.016251249999999995,0.07470226287841797,33.85982012748718,0.3784612,0.8701
67100,0.3591423,0.87736166,1369.3877551020407,0.016126249999999998,0.07508659362792969,30.75972056388855,,
67200,0.35961926,0.8761857,1371.4285714285713,0.01600125,0.07520294189453125,30.76231861114502,,
67300,0.3595396,0.87760663,1373.469387755102,0.015876250000000005,0.07515144348144531,30.762265920639038,,
67400,0.35752177,0.87720484,1375.5102040816328,0.015751250000000005,0.0749361515045166,30.763124227523804,,
67500,0.35997877,0.87682265,1377.5510204081634,0.015626249999999998,0.07555150985717773,30.76221990585327,,
67600,0.35773444,0.87736166,1379.591836734694,0.015501250000000001,0.07568979263305664,30.764702081680298,,
67700,0.35854262,0.8765091,1381.6326530612246,0.015376250000000003,0.07518386840820312,30.759103536605835,,
67800,0.35738096,0.87744004,1383.6734693877552,0.015251250000000006,0.0755772590637207,30.761995553970337,,
67900,0.3597903,0.87737143,1385.7142857142858,0.015126249999999997,0.07507157325744629,30.76412534713745,,
68000,0.35692015,0.87834156,1387.7551020408164,0.01500125,0.07528090476989746,33.8678023815155,0.3780499,0.8698
68100,0.35854018,0.8780476,1389.795918367347,0.014876250000000002,0.07567882537841797,30.76182198524475,,
68200,0.3582637,0.87747926,1391.8367346938776,0.014751250000000006,0.07547569274902344,30.75967574119568,,
68300,0.35891986,0.87700886,1393.8775510204082,0.014626249999999997,0.07555103302001953,30.761520385742188,,
68400,0.36094365,0.87569577,1395.9183673469388,0.01450125,0.07586121559143066,30.763028144836426,,
68500,0.35720173,0.8780868,1397.9591836734694,0.014376250000000002,0.07745194435119629,30.765419244766235,,
68600,0.3580566,0.87787616,1400.0,0.014251250000000005,0.0751032829284668,30.71340250968933,,
68700,0.35826096,0.87737143,1402.0408163265306,0.014126249999999996,0.0749211311340332,30.765281200408936,,
68800,0.35938847,0.8763523,1404.0816326530612,0.01400125,0.07507538795471191,30.765157461166382,,
68900,0.35892713,0.87695986,1406.1224489795918,0.013876250000000001,0.07503724098205566,30.760255336761475,,
69000,0.35899037,0.87713623,1408.1632653061224,0.013751250000000005,0.07507944107055664,33.8623628616333,0.37833542,0.8698
69100,0.3581068,0.87824357,1410.204081632653,0.013626249999999996,0.0761106014251709,30.759563446044922,,
69200,0.35877886,0.8770676,1412.2448979591836,0.01350125,0.07520055770874023,30.763448238372803,,
69300,0.35677135,0.8778124,1414.2857142857142,0.013376250000000001,0.07537317276000977,30.765802145004272,,
69400,0.35844854,0.87834156,1416.3265306122448,0.013251250000000004,0.07511663436889648,30.763875246047974,,
69500,0.3578706,0.87752825,1418.3673469387754,0.013126249999999996,0.07603883743286133,30.762923002243042,,
69600,0.35664317,0.87752825,1420.408163265306,0.013001249999999999,0.07613372802734375,30.76788353919983,,
69700,0.36039624,0.8774302,1422.4489795918366,0.01287625,0.07535696029663086,30.76369047164917,,
69800,0.35719964,0.8775968,1424.4897959183672,0.012751250000000004,0.07528877258300781,30.764927625656128,,
69900,0.35825408,0.87714607,1426.530612244898,0.012626250000000006,0.07512235641479492,30.7668514251709,,
70000,0.35968128,0.8766855,1428.5714285714287,0.012501249999999998,0.0747978687286377,33.863470792770386,0.37823385,0.87
70100,0.35672626,0.87867475,1430.6122448979593,0.01237625,0.07492852210998535,30.765785217285156,,
70200,0.3591318,0.8772832,1432.6530612244899,0.012251250000000003,0.07546067237854004,30.762831211090088,,
70300,0.35703018,0.8784298,1434.6938775510205,0.012126250000000005,0.07495284080505371,30.76488995552063,,
70400,0.35777622,0.87714607,1436.734693877551,0.012001249999999998,0.07468795776367188,30.763461112976074,,
70500,0.3589285,0.8766659,1438.7755102040817,0.01187625,0.07502508163452148,30.761475801467896,,
70600,0.35814068,0.8774498,1440.8163265306123,0.011751250000000003,0.07493782043457031,30.762439250946045,,
70700,0.3571147,0.87696964,1442.857142857143,0.011626250000000005,0.07532930374145508,30.762102842330933,,
70800,0.35901713,0.87762624,1444.8979591836735,0.011501249999999998,0.07522201538085938,30.764077186584473,,
70900,0.35989982,0.87581336,1446.938775510204,0.01137625,0.07678747177124023,30.763696908950806,,
71000,0.35796753,0.87707746,1448.9795918367347,0.011251250000000003,0.0752725601196289,33.862648487091064,0.3780878,0.8701
71100,0.35909316,0.8775522,1451.0204081632653,0.011126250000000004,0.07563161849975586,30.711965560913086,,
71200,0.35893604,0.8773518,1453.061224489796,0.011001249999999997,0.07477974891662598,30.75834321975708,,
71300,0.357866,0.8774008,1455.1020408163265,0.010876249999999999,0.07504034042358398,30.762639045715332,,
71400,0.35871696,0.87739104,1457.142857142857,0.010751250000000002,0.0749514102935791,30.763882875442505,,
71500,0.36102277,0.87584275,1459.1836734693877,0.010626250000000004,0.07476162910461426,30.767793655395508,,
71600,0.35739344,0.87713623,1461.2244897959183,0.010501249999999997,0.07525801658630371,30.758214950561523,,
71700,0.35952866,0.8769501,1463.265306122449,0.010376249999999998,0.0752861499786377,30.76345419883728,,
71800,0.35811085,0.87741065,1465.3061224489795,0.010251250000000002,0.07544708251953125,30.76424288749695,,
71900,0.35784206,0.8769991,1467.3469387755101,0.010126250000000003,0.07552218437194824,30.764504194259644,,
72000,0.35910282,0.8779888,1469.3877551020407,0.010001249999999996,0.07492208480834961,33.85921764373779,0.37809592,0.87
72100,0.35615876,0.8788511,1471.4285714285713,0.009876249999999998,0.07568740844726562,30.760050296783447,,
72200,0.3583415,0.87705785,1473.469387755102,0.009751250000000001,0.07522916793823242,30.761934280395508,,
72300,0.3580518,0.8764797,1475.5102040816328,0.009626250000000003,0.07491397857666016,30.76392698287964,,
72400,0.35807368,0.87731266,1477.5510204081634,0.009501250000000006,0.07519125938415527,30.765983819961548,,
72500,0.3587247,0.877832,1479.591836734694,0.009376249999999997,0.0747518539428711,30.762662172317505,,
72600,0.35792518,0.87734205,1481.6326530612246,0.00925125,0.0748744010925293,30.762439489364624,,
72700,0.35758185,0.8779104,1483.6734693877552,0.009126250000000002,0.07506990432739258,30.760864734649658,,
72800,0.36032337,0.8765483,1485.7142857142858,0.009001250000000006,0.07526850700378418,30.763447761535645,,
72900,0.35810435,0.8776556,1487.7551020408164,0.008876249999999997,0.07496356964111328,30.767507076263428,,
73000,0.35947773,0.8765189,1489.795918367347,0.00875125,0.07509517669677734,33.86531329154968,0.3782174,0.8698
73100,0.357232,0.8792333,1491.8367346938776,0.008626250000000002,0.07531023025512695,30.760653972625732,,
73200,0.3561454,0.8778908,1493.8775510204082,0.008501250000000005,0.0755612850189209,30.764532327651978,,
73300,0.3583516,0.8773812,1495.9183673469388,0.008376249999999997,0.07535696029663086,30.765424013137817,,
73400,0.35799882,0.8761465,1497.9591836734694,0.00825125,0.076446533203125,30.76639461517334,,
73500,0.35876736,0.8766,1500.0,0.008126250000000002,0.07573175430297852,30.70720386505127,,
73600,0.3580276,0.87820435,1502.0408163265306,0.008001250000000005,0.07544779777526855,30.76421546936035,,
73700,0.3571505,0.8780378,1504.0816326530612,0.007876249999999996,0.07559752464294434,30.761226892471313,,
73800,0.35728824,0.8779986,1506.1224489795918,0.007751249999999999,0.07519245147705078,30.762954711914062,,
73900,0.35868075,0.8773028,1508.1632653061224,0.007626250000000001,0.07600045204162598,30.762184619903564,,
74000,0.35887182,0.8776948,1510.204081632653,0.0075012500000000044,0.07532453536987305,33.86809706687927,0.37813443,0.87
74100,0.35863072,0.8778908,1512.2448979591836,0.007376249999999996,0.07529664039611816,30.76379919052124,,
74200,0.35823417,0.8763131,1514.2857142857142,0.007251249999999998,0.07558655738830566,30.76082420349121,,
74300,0.3594025,0.8765973,1516.3265306122448,0.007126250000000001,0.07506179809570312,30.762630462646484,,
74400,0.35667,0.87890995,1518.3673469387754,0.007001250000000004,0.07495427131652832,30.76086735725403,,
74500,0.35981774,0.87767524,1520.408163265306,0.006876249999999995,0.07642340660095215,30.767204761505127,,
74600,0.35903996,0.8774694,1522.4489795918366,0.006751249999999998,0.07604789733886719,30.762791872024536,,
74700,0.35764232,0.877538,1524.4897959183672,0.00662625,0.07537174224853516,30.76311445236206,,
74800,0.35719264,0.8775674,1526.530612244898,0.0065012500000000036,0.07553553581237793,30.762171506881714,,
74900,0.35849476,0.87698925,1528.5714285714287,0.006376250000000006,0.07566380500793457,30.765684127807617,,
75000,0.35755113,0.87684226,1530.6122448979593,0.006251249999999997,0.07563209533691406,33.865416049957275,0.37815806,0.8698
75100,0.3598787,0.87689126,1532.6530612244899,0.00612625,0.07528209686279297,30.764432430267334,,
75200,0.35882583,0.8768521,1534.6938775510205,0.006001250000000003,0.07535314559936523,30.768933534622192,,
75300,0.3582606,0.8778222,1536.734693877551,0.005876250000000006,0.07537293434143066,30.762457609176636,,
75400,0.35910046,0.8777438,1538.7755102040817,0.005751249999999997,0.0756843090057373,30.76011061668396,,
75500,0.35820606,0.87750864,1540.8163265306123,0.005626249999999999,0.07526803016662598,30.76546359062195,,
75600,0.35671088,0.878077,1542.857142857143,0.005501250000000003,0.07529044151306152,30.761688232421875,,
75700,0.35785657,0.8773322,1544.8979591836735,0.005376250000000005,0.0753173828125,30.756998777389526,,
75800,0.3595116,0.8768815,1546.938775510204,0.005251249999999996,0.07653355598449707,30.766123294830322,,
75900,0.35758823,0.87745965,1548.9795918367347,0.005126249999999999,0.07568192481994629,30.767133951187134,,
76000,0.35869515,0.8766982,1551.0204081632653,0.005001250000000002,0.07555389404296875,33.81301021575928,0.3781832,0.8699
76100,0.3563993,0.87881196,1553.061224489796,0.004876250000000005,0.07551407814025879,30.7581524848938,,
76200,0.35903424,0.87708724,1555.1020408163265,0.004751249999999996,0.07472991943359375,30.76207995414734,,
76300,0.35699406,0.8779888,1557.142857142857,0.004626249999999998,0.07491636276245117,30.75890851020813,,
76400,0.35653016,0.8784494,1559.1836734693877,0.004501250000000001,0.07518839836120605,30.760843515396118,,
76500,0.35781038,0.87750864,1561.2244897959183,0.004376250000000004,0.07469058036804199,30.760433435440063,,
76600,0.3597576,0.8766365,1563.265306122449,0.0042512499999999955,0.07490968704223633,30.757906436920166,,
76700,0.3581156,0.8777536,1565.3061224489795,0.004126249999999998,0.0748145580291748,30.758765697479248,,
76800,0.3578134,0.8780378,1567.3469387755101,0.0040012500000000005,0.07475662231445312,30.758456468582153,,
76900,0.35598677,0.87862575,1569.3877551020407,0.0038762500000000034,0.07507038116455078,30.76267385482788,,
77000,0.3615699,0.8764209,1571.4285714285713,0.003751249999999995,0.07479667663574219,33.85455775260925,0.37820166,0.8701
77100,0.35766014,0.87737143,1573.469387755102,0.0036262499999999975,0.07486510276794434,30.760272979736328,,
77200,0.35955364,0.8772342,1575.5102040816328,0.0035012500000000005,0.0751945972442627,30.762321710586548,,
77300,0.35889927,0.87677366,1577.5510204081634,0.003376250000000003,0.07503747940063477,30.76071071624756,,
77400,0.3571817,0.8779986,1579.591836734694,0.003251250000000006,0.07484078407287598,30.757251501083374,,
77500,0.35949492,0.8768325,1581.6326530612246,0.003126249999999997,0.0755147933959961,30.76005792617798,,
77600,0.3570629,0.8777144,1583.6734693877552,0.00300125,0.07523727416992188,30.765836715698242,,
77700,0.3596675,0.87705785,1585.7142857142858,0.0028762500000000025,0.07559871673583984,30.76752018928528,,
77800,0.36001575,0.87721467,1587.7551020408164,0.0027512500000000054,0.07535433769226074,30.76270627975464,,
77900,0.35849822,0.87714607,1589.795918367347,0.0026262499999999966,0.07538795471191406,30.76132822036743,,
78000,0.35543883,0.87834156,1591.8367346938776,0.0025012499999999996,0.07525014877319336,33.8535943031311,0.3781788,0.8696
78100,0.36025035,0.8765287,1593.8775510204082,0.002376250000000002,0.07499003410339355,30.759642601013184,,
78200,0.35846347,0.87729305,1595.9183673469388,0.0022512500000000045,0.07510066032409668,30.759294033050537,,
78300,0.35758117,0.877587,1597.9591836734694,0.002126249999999996,0.07674598693847656,30.76085591316223,,
78400,0.35747537,0.87799394,1600.0,0.002001249999999999,0.07549428939819336,30.70570659637451,,
78500,0.35898456,0.8767443,1602.0408163265306,0.0018762500000000016,0.07570171356201172,30.762271404266357,,
78600,0.35739323,0.8778908,1604.0816326530612,0.0017512500000000043,0.07546138763427734,30.7620210647583,,
78700,0.35885254,0.8775184,1606.1224489795918,0.0016262499999999958,0.07543063163757324,30.7606463432312,,
78800,0.35837272,0.8773518,1608.1632653061224,0.0015012499999999985,0.07530736923217773,30.758380651474,,
78900,0.35755408,0.87810636,1610.204081632653,0.0013762500000000012,0.07523369789123535,30.761212587356567,,
79000,0.35556042,0.8779986,1612.2448979591836,0.0012512500000000039,0.07491517066955566,33.855403900146484,0.37816268,0.8699
79100,0.36091667,0.87667567,1614.2857142857142,0.0011262499999999953,0.07613182067871094,30.763508796691895,,
79200,0.35711238,0.8779986,1616.3265306122448,0.001001249999999998,0.07543468475341797,30.769829273223877,,
79300,0.35925594,0.87712646,1618.3673469387754,0.0008762500000000007,0.07559728622436523,30.763744115829468,,
79400,0.35980308,0.87639153,1620.408163265306,0.0007512500000000033,0.07503938674926758,30.764917612075806,,
79500,0.3585584,0.87752825,1622.4489795918366,0.0006262499999999949,0.07522296905517578,30.764700174331665,,
79600,0.35678712,0.8777438,1624.4897959183672,0.0005012499999999976,0.07555985450744629,30.764415979385376,,
79700,0.35870543,0.87822396,1626.530612244898,0.00037625000000000023,0.07572579383850098,30.770684480667114,,
79800,0.35724202,0.87719506,1628.5714285714287,0.0002512500000000029,0.07531619071960449,30.768876552581787,,
79900,0.35915768,0.8771657,1630.6122448979593,0.00012625000000000554,0.07568216323852539,30.767396450042725,,
80000,0.3592173,0.8774302,1632.6530612244899,1.249999999997087e-06,0.0752403736114502,33.862706899642944,0.37811628,0.8695
